<?xml version="1.0" encoding="UTF-8"?>
<project-private xmlns="http://www.netbeans.org/ns/project-private/1">
    <editor-bookmarks xmlns="http://www.netbeans.org/ns/editor-bookmarks/2" lastBookmarkId="0"/>
    <open-files xmlns="http://www.netbeans.org/ns/projectui-open-files/2">
        <group>
            <file>file:/Users/nandinusaminda/Desktop/107%20Batch/Assignments/Niroth%20Sir/Object%20Oriented%20Programming/DAY%2004(12)/Course%20Work%2004/BurgerShop%20System/src/View/CanceledOrders.java</file>
            <file>file:/Users/nandinusaminda/Desktop/107%20Batch/Assignments/Niroth%20Sir/Object%20Oriented%20Programming/DAY%2004(12)/Course%20Work%2004/BurgerShop%20System/src/View/Search.java</file>
            <file>file:/Users/nandinusaminda/Desktop/107%20Batch/Assignments/Niroth%20Sir/Object%20Oriented%20Programming/DAY%2004(12)/Course%20Work%2004/BurgerShop%20System/src/View/PlaceOrderForm.java</file>
            <file>file:/Users/nandinusaminda/Desktop/107%20Batch/Assignments/Niroth%20Sir/Object%20Oriented%20Programming/DAY%2004(12)/Course%20Work%2004/BurgerShop%20System/src/View/UpdateOrder.java</file>
            <file>file:/Users/nandinusaminda/Desktop/107%20Batch/Assignments/Niroth%20Sir/Object%20Oriented%20Programming/DAY%2004(12)/Course%20Work%2004/BurgerShop%20System/src/View/PlaceOrder.java</file>
            <file>file:/Users/nandinusaminda/Desktop/107%20Batch/Assignments/Niroth%20Sir/Object%20Oriented%20Programming/DAY%2004(12)/Course%20Work%2004/BurgerShop%20System/src/View/UpdateOrderForm.java</file>
            <file>file:/Users/nandinusaminda/Desktop/107%20Batch/Assignments/Niroth%20Sir/Object%20Oriented%20Programming/DAY%2004(12)/Course%20Work%2004/BurgerShop%20System/src/View/ViewOrders.java</file>
            <file>file:/Users/nandinusaminda/Desktop/107%20Batch/Assignments/Niroth%20Sir/Object%20Oriented%20Programming/DAY%2004(12)/Course%20Work%2004/BurgerShop%20System/src/burgershop/system/Main.java</file>
            <file>file:/Users/nandinusaminda/Desktop/107%20Batch/Assignments/Niroth%20Sir/Object%20Oriented%20Programming/DAY%2004(12)/Course%20Work%2004/BurgerShop%20System/src/View/SearchOrder.java</file>
            <file>file:/Users/nandinusaminda/Desktop/107%20Batch/Assignments/Niroth%20Sir/Object%20Oriented%20Programming/DAY%2004(12)/Course%20Work%2004/BurgerShop%20System/src/Model/OrderDetails.java</file>
            <file>file:/Users/nandinusaminda/Desktop/107%20Batch/Assignments/Niroth%20Sir/Object%20Oriented%20Programming/DAY%2004(12)/Course%20Work%2004/BurgerShop%20System/src/Controller/OrderController.java</file>
            <file>file:/Users/nandinusaminda/Desktop/107%20Batch/Assignments/Niroth%20Sir/Object%20Oriented%20Programming/DAY%2004(12)/Course%20Work%2004/BurgerShop%20System/src/View/HomePage.java</file>
            <file>file:/Users/nandinusaminda/Desktop/107%20Batch/Assignments/Niroth%20Sir/Object%20Oriented%20Programming/DAY%2004(12)/Course%20Work%2004/BurgerShop%20System/src/View/DeliveredOrders.java</file>
            <file>file:/Users/nandinusaminda/Desktop/107%20Batch/Assignments/Niroth%20Sir/Object%20Oriented%20Programming/DAY%2004(12)/Course%20Work%2004/BurgerShop%20System/src/View/BestCustomer.java</file>
            <file>file:/Users/nandinusaminda/Desktop/107%20Batch/Assignments/Niroth%20Sir/Object%20Oriented%20Programming/DAY%2004(12)/Course%20Work%2004/BurgerShop%20System/src/View/ProcessingOrders.java</file>
            <file>file:/Users/nandinusaminda/Desktop/107%20Batch/Assignments/Niroth%20Sir/Object%20Oriented%20Programming/DAY%2004(12)/Course%20Work%2004/BurgerShop%20System/src/View/SearchCustomer.java</file>
        </group>
    </open-files>
</project-private>
